<?xml version="1.0" encoding="UTF-8" standalone="no"?>
<module codename="org.openide.text">
    <module_version install_time="1445549479723" last="false" origin="installer" specification_version="6.66.1">
        <file crc="2441864466" name="config/ModuleAutoDeps/org-openide-text.xml"/>
        <file crc="1795978028" name="config/Modules/org-openide-text.xml"/>
        <file crc="4142587190" name="modules/locale/org-openide-text_ja.jar"/>
        <file crc="1483003306" name="modules/locale/org-openide-text_pt_BR.jar"/>
        <file crc="1818924254" name="modules/locale/org-openide-text_ru.jar"/>
        <file crc="276791785" name="modules/locale/org-openide-text_zh_CN.jar"/>
        <file crc="1693516137" name="modules/org-openide-text.jar"/>
    </module_version>
    <module_version install_time="1457776114904" last="true" origin="NetBeans Distribution" specification_version="6.66.3">
        <file crc="2441864466" name="config/ModuleAutoDeps/org-openide-text.xml"/>
        <file crc="1795978028" name="config/Modules/org-openide-text.xml"/>
        <file crc="1585208031" name="modules/locale/org-openide-text_ja.jar"/>
        <file crc="1509532787" name="modules/locale/org-openide-text_pt_BR.jar"/>
        <file crc="4210824928" name="modules/locale/org-openide-text_ru.jar"/>
        <file crc="2256593008" name="modules/locale/org-openide-text_zh_CN.jar"/>
        <file crc="3687056515" name="modules/org-openide-text.jar"/>
    </module_version>
</module>
