<?xml version="1.0" encoding="UTF-8"?><module codename="org.netbeans.modules.templatesui">
    <module_version install_time="1445549618964" last="true" origin="installer" specification_version="1.2.1">
        <file crc="1388336889" name="config/Modules/org-netbeans-modules-templatesui.xml"/>
        <file crc="3868030214" name="modules/locale/org-netbeans-modules-templatesui_ja.jar"/>
        <file crc="1209193908" name="modules/locale/org-netbeans-modules-templatesui_pt_BR.jar"/>
        <file crc="3988304543" name="modules/locale/org-netbeans-modules-templatesui_ru.jar"/>
        <file crc="4091656049" name="modules/locale/org-netbeans-modules-templatesui_zh_CN.jar"/>
        <file crc="3132383180" name="modules/org-netbeans-modules-templatesui.jar"/>
    </module_version>
</module>
