<?xml version="1.0" encoding="UTF-8"?><module codename="org.netbeans.libs.junit4">
    <module_version install_time="1445547988340" last="true" origin="installer" specification_version="1.16.1">
        <file crc="3256237618" name="config/Modules/org-netbeans-libs-junit4.xml"/>
        <file crc="2734992607" name="modules/ext/hamcrest-core-1.3.jar"/>
        <file crc="2012292911" name="modules/ext/junit-4.12.jar"/>
        <file crc="2501068978" name="modules/locale/org-netbeans-libs-junit4_ja.jar"/>
        <file crc="1207607558" name="modules/locale/org-netbeans-libs-junit4_pt_BR.jar"/>
        <file crc="3967644925" name="modules/locale/org-netbeans-libs-junit4_ru.jar"/>
        <file crc="2187657553" name="modules/locale/org-netbeans-libs-junit4_zh_CN.jar"/>
        <file crc="4270793669" name="modules/org-netbeans-libs-junit4.jar"/>
    </module_version>
</module>
