<?xml version="1.0" encoding="UTF-8"?><module codename="org.netbeans.lib.uihandler">
    <module_version install_time="1445548862846" last="true" origin="installer" specification_version="1.44.1">
        <file crc="4049691764" name="config/Modules/org-netbeans-lib-uihandler.xml"/>
        <file crc="706323682" name="modules/locale/org-netbeans-lib-uihandler_ja.jar"/>
        <file crc="2103214349" name="modules/locale/org-netbeans-lib-uihandler_pt_BR.jar"/>
        <file crc="2815627423" name="modules/locale/org-netbeans-lib-uihandler_ru.jar"/>
        <file crc="3487389512" name="modules/locale/org-netbeans-lib-uihandler_zh_CN.jar"/>
        <file crc="4289246393" name="modules/org-netbeans-lib-uihandler.jar"/>
    </module_version>
</module>
