<?xml version="1.0" encoding="UTF-8"?><module codename="org.netbeans.libs.javafx">
    <module_version install_time="1445548939700" last="true" origin="installer" specification_version="2.6.1">
        <file crc="3843417750" name="config/Modules/org-netbeans-libs-javafx.xml"/>
        <file crc="3050658215" name="modules/locale/org-netbeans-libs-javafx_ja.jar"/>
        <file crc="915212333" name="modules/locale/org-netbeans-libs-javafx_pt_BR.jar"/>
        <file crc="1379136417" name="modules/locale/org-netbeans-libs-javafx_ru.jar"/>
        <file crc="1054710741" name="modules/locale/org-netbeans-libs-javafx_zh_CN.jar"/>
        <file crc="1279883487" name="modules/org-netbeans-libs-javafx.jar"/>
    </module_version>
</module>
