<?xml version="1.0" encoding="UTF-8" standalone="no"?>
<module codename="org.openide.loaders">
    <module_version install_time="1445549557315" last="false" origin="installer" specification_version="7.63.1">
        <file crc="1642338946" name="config/ModuleAutoDeps/org-openide-loaders.xml"/>
        <file crc="3241200" name="config/Modules/org-openide-loaders.xml"/>
        <file crc="4021317794" name="modules/locale/org-openide-loaders_ja.jar"/>
        <file crc="3667187872" name="modules/locale/org-openide-loaders_pt_BR.jar"/>
        <file crc="1401442744" name="modules/locale/org-openide-loaders_ru.jar"/>
        <file crc="676729538" name="modules/locale/org-openide-loaders_zh_CN.jar"/>
        <file crc="3636711194" name="modules/org-openide-loaders.jar"/>
    </module_version>
    <module_version install_time="1457776114582" last="true" origin="NetBeans Distribution" specification_version="7.63.2">
        <file crc="1642338946" name="config/ModuleAutoDeps/org-openide-loaders.xml"/>
        <file crc="3241200" name="config/Modules/org-openide-loaders.xml"/>
        <file crc="675976138" name="modules/locale/org-openide-loaders_ja.jar"/>
        <file crc="4146595704" name="modules/locale/org-openide-loaders_pt_BR.jar"/>
        <file crc="871957778" name="modules/locale/org-openide-loaders_ru.jar"/>
        <file crc="2502575183" name="modules/locale/org-openide-loaders_zh_CN.jar"/>
        <file crc="2511743946" name="modules/org-openide-loaders.jar"/>
    </module_version>
</module>
