<?xml version="1.0" encoding="UTF-8"?><module codename="org.openide.awt">
    <module_version install_time="1445548909683" last="true" origin="installer" specification_version="7.65.1">
        <file crc="3208246121" name="config/Modules/org-openide-awt.xml"/>
        <file crc="3832245562" name="modules/locale/org-openide-awt_ja.jar"/>
        <file crc="2345377842" name="modules/locale/org-openide-awt_pt_BR.jar"/>
        <file crc="4279690308" name="modules/locale/org-openide-awt_ru.jar"/>
        <file crc="4275527838" name="modules/locale/org-openide-awt_zh_CN.jar"/>
        <file crc="4122370849" name="modules/org-openide-awt.jar"/>
    </module_version>
</module>
