<?xml version="1.0" encoding="UTF-8"?><module codename="org.netbeans.modules.masterfs.macosx">
    <module_version install_time="1445548996997" last="true" origin="installer" specification_version="1.12.1">
        <file crc="4284776310" name="config/Modules/org-netbeans-modules-masterfs-macosx.xml"/>
        <file crc="3820302788" name="modules/locale/org-netbeans-modules-masterfs-macosx_ja.jar"/>
        <file crc="1437570747" name="modules/locale/org-netbeans-modules-masterfs-macosx_pt_BR.jar"/>
        <file crc="191705983" name="modules/locale/org-netbeans-modules-masterfs-macosx_ru.jar"/>
        <file crc="2351250737" name="modules/locale/org-netbeans-modules-masterfs-macosx_zh_CN.jar"/>
        <file crc="2539402834" name="modules/org-netbeans-modules-masterfs-macosx.jar"/>
    </module_version>
</module>
