<?xml version="1.0" encoding="UTF-8"?><module codename="org.netbeans.api.io">
    <module_version install_time="1445548847079" last="true" origin="installer" specification_version="1.2.1">
        <file crc="2603497839" name="config/Modules/org-netbeans-api-io.xml"/>
        <file crc="2672833523" name="modules/locale/org-netbeans-api-io_ja.jar"/>
        <file crc="1006808293" name="modules/locale/org-netbeans-api-io_pt_BR.jar"/>
        <file crc="3244328097" name="modules/locale/org-netbeans-api-io_ru.jar"/>
        <file crc="1133428821" name="modules/locale/org-netbeans-api-io_zh_CN.jar"/>
        <file crc="3901692106" name="modules/org-netbeans-api-io.jar"/>
    </module_version>
</module>
