<?xml version="1.0" encoding="UTF-8"?><module codename="org.netbeans.swing.outline">
    <module_version install_time="1445548756405" last="true" origin="installer" specification_version="1.32.1">
        <file crc="3679534386" name="config/Modules/org-netbeans-swing-outline.xml"/>
        <file crc="2757798009" name="modules/locale/org-netbeans-swing-outline_ja.jar"/>
        <file crc="3216868031" name="modules/locale/org-netbeans-swing-outline_pt_BR.jar"/>
        <file crc="3583477284" name="modules/locale/org-netbeans-swing-outline_ru.jar"/>
        <file crc="3168978552" name="modules/locale/org-netbeans-swing-outline_zh_CN.jar"/>
        <file crc="157346706" name="modules/org-netbeans-swing-outline.jar"/>
    </module_version>
</module>
