<?xml version="1.0" encoding="UTF-8"?><module codename="org.netbeans.modules.settings/1">
    <module_version install_time="1445549637704" last="true" origin="installer" specification_version="1.48.1">
        <file crc="554047262" name="config/Modules/org-netbeans-modules-settings.xml"/>
        <file crc="870519034" name="modules/locale/org-netbeans-modules-settings_ja.jar"/>
        <file crc="3527954355" name="modules/locale/org-netbeans-modules-settings_pt_BR.jar"/>
        <file crc="929562228" name="modules/locale/org-netbeans-modules-settings_ru.jar"/>
        <file crc="228628300" name="modules/locale/org-netbeans-modules-settings_zh_CN.jar"/>
        <file crc="162726024" name="modules/org-netbeans-modules-settings.jar"/>
    </module_version>
</module>
