<?xml version="1.0" encoding="UTF-8"?><module codename="org.netbeans.libs.asm">
    <module_version install_time="1445547893441" last="true" origin="installer" specification_version="5.2.1">
        <file crc="1014043122" name="core/asm-all-5.0.1.jar"/>
        <file crc="2164392672" name="core/locale/org-netbeans-libs-asm_ja.jar"/>
        <file crc="446875438" name="core/locale/org-netbeans-libs-asm_pt_BR.jar"/>
        <file crc="676829320" name="core/locale/org-netbeans-libs-asm_ru.jar"/>
        <file crc="3763559248" name="core/locale/org-netbeans-libs-asm_zh_CN.jar"/>
        <file crc="1117591676" name="core/org-netbeans-libs-asm.jar"/>
    </module_version>
</module>
