<?xml version="1.0" encoding="UTF-8"?><module codename="org.netbeans.core.network">
    <module_version install_time="1445549736555" last="true" origin="installer" specification_version="1.9.1">
        <file crc="2799144563" name="config/Modules/org-netbeans-core-network.xml"/>
        <file crc="2601114686" name="modules/ext/nsProxyAutoConfig.js"/>
        <file crc="83789393" name="modules/locale/org-netbeans-core-network_ja.jar"/>
        <file crc="2150921951" name="modules/locale/org-netbeans-core-network_pt_BR.jar"/>
        <file crc="159937431" name="modules/locale/org-netbeans-core-network_ru.jar"/>
        <file crc="1666689700" name="modules/locale/org-netbeans-core-network_zh_CN.jar"/>
        <file crc="3354551816" name="modules/org-netbeans-core-network.jar"/>
    </module_version>
</module>
