<?xml version="1.0" encoding="UTF-8"?><module codename="org.netbeans.api.search">
    <module_version install_time="1445549566361" last="true" origin="installer" specification_version="1.20.1">
        <file crc="3710953649" name="config/Modules/org-netbeans-api-search.xml"/>
        <file crc="2724275711" name="modules/locale/org-netbeans-api-search_ja.jar"/>
        <file crc="3569729895" name="modules/locale/org-netbeans-api-search_pt_BR.jar"/>
        <file crc="2073886359" name="modules/locale/org-netbeans-api-search_ru.jar"/>
        <file crc="2367078004" name="modules/locale/org-netbeans-api-search_zh_CN.jar"/>
        <file crc="3205702491" name="modules/org-netbeans-api-search.jar"/>
    </module_version>
</module>
