<?xml version="1.0" encoding="UTF-8"?><module codename="org.openide.execution.compat8">
    <module_version install_time="1445549075670" last="true" origin="installer" specification_version="9.1.1">
        <file crc="2906034987" name="config/Modules/org-openide-execution-compat8.xml"/>
        <file crc="3744870967" name="modules/locale/org-openide-execution-compat8_ja.jar"/>
        <file crc="666789274" name="modules/locale/org-openide-execution-compat8_pt_BR.jar"/>
        <file crc="3417483069" name="modules/locale/org-openide-execution-compat8_ru.jar"/>
        <file crc="4116332679" name="modules/locale/org-openide-execution-compat8_zh_CN.jar"/>
        <file crc="2230070054" name="modules/org-openide-execution-compat8.jar"/>
    </module_version>
</module>
