<?xml version="1.0" encoding="UTF-8"?><module codename="org.netbeans.swing.tabcontrol">
    <module_version install_time="1445549535740" last="true" origin="installer" specification_version="1.54.1">
        <file crc="327432460" name="config/Modules/org-netbeans-swing-tabcontrol.xml"/>
        <file crc="3051987619" name="modules/locale/org-netbeans-swing-tabcontrol_ja.jar"/>
        <file crc="1090720173" name="modules/locale/org-netbeans-swing-tabcontrol_pt_BR.jar"/>
        <file crc="1846564139" name="modules/locale/org-netbeans-swing-tabcontrol_ru.jar"/>
        <file crc="1104638954" name="modules/locale/org-netbeans-swing-tabcontrol_zh_CN.jar"/>
        <file crc="1010676746" name="modules/org-netbeans-swing-tabcontrol.jar"/>
    </module_version>
</module>
